pos x,pos y,vel x,vel y,angle,angleVel,contact_1,contact_2,action
-0.007001304533332586,1.4211539030075073,-0.7091773152351379,0.45481929183006287,0.008119601756334305,0.16063913702964783,0.0,0.0,3.0
-0.01392211951315403,1.4308228492736816,-0.6980406045913696,0.42968636751174927,0.014014728367328644,0.11791358888149261,0.0,0.0,3.0
-0.020777320489287376,1.4399032592773438,-0.6897886991500854,0.4035243093967438,0.01824536733329296,0.08462050557136536,0.0,0.0,3.0
-0.02754049375653267,1.4483829736709595,-0.6782544851303101,0.3768555521965027,0.020160648971796036,0.038309089839458466,0.0,0.0,3.0
-0.034233950078487396,1.4562735557556152,-0.6695089936256409,0.3506854176521301,0.020318249240517616,0.0031523038633167744,0.0,0.0,3.0
-0.04084186628460884,1.4635626077651978,-0.6587650179862976,0.3239844739437103,0.0183222945779562,-0.03992288187146187,0.0,0.0,3.0
-0.04737072065472603,1.4702458381652832,-0.6488679647445679,0.2970748841762543,0.014346358366310596,-0.07952649891376495,0.0,0.0,0.0
-0.053899385035037994,1.4763290882110596,-0.6488552093505859,0.270405650138855,0.010371393524110317,-0.0795062854886055,0.0,0.0,0.0
-0.06042804569005966,1.481812596321106,-0.6488432288169861,0.24373628199100494,0.0063966307789087296,-0.07950238883495331,0.0,0.0,0.0
-0.0669565200805664,1.4866963624954224,-0.6488316655158997,0.2170669436454773,0.002422475954517722,-0.07949043810367584,0.0,0.0,0.0
-0.07348489761352539,1.4909803867340088,-0.6488198637962341,0.19039754569530487,-0.0015510591911152005,-0.0794779509305954,0.0,0.0,0.0
-0.08001308143138885,1.4946643114089966,-0.6488081812858582,0.1637280434370041,-0.0055239880457520485,-0.07946561276912689,0.0,0.0,0.0
-0.08654117584228516,1.4977484941482544,-0.6487964987754822,0.13705848157405853,-0.009496301412582397,-0.07945339381694794,0.0,0.0,0.0
-0.0930691733956337,1.5002330541610718,-0.648784875869751,0.11038883030414581,-0.013467998243868351,-0.07944116741418839,0.0,0.0,0.0
-0.09959697723388672,1.5021177530288696,-0.6487733125686646,0.08371910452842712,-0.017439091578125954,-0.07942898571491241,0.0,0.0,0.0
-0.10612478107213974,1.5034024715423584,-0.6487618684768677,0.05704927071928978,-0.02140955813229084,-0.07941685616970062,0.0,0.0,0.0
-0.11265239864587784,1.5040874481201172,-0.648750364780426,0.03037932887673378,-0.025379469618201256,-0.079404816031456,0.0,0.0,0.0
-0.11917982250452042,1.5041723251342773,-0.6487389206886292,0.003709290875121951,-0.02934875339269638,-0.07939276099205017,0.0,0.0,0.0
-0.1257072389125824,1.5036578178405762,-0.648727536201477,-0.022960806265473366,-0.0333174504339695,-0.07938084751367569,0.0,0.0,0.0
-0.13223448395729065,1.502543330192566,-0.6487162113189697,-0.04963095486164093,-0.03728553652763367,-0.07936892658472061,0.0,0.0,3.0
-0.13866910338401794,1.5008270740509033,-0.6370996236801147,-0.07644839584827423,-0.04357869550585747,-0.12587440013885498,0.0,0.0,0.0
-0.14510345458984375,1.4985113143920898,-0.6370804905891418,-0.10312089323997498,-0.04986995458602905,-0.12583646178245544,0.0,0.0,0.0
-0.1515377014875412,1.495595932006836,-0.6370621919631958,-0.1297934502363205,-0.056160733103752136,-0.1258268654346466,0.0,0.0,3.0
-0.15789051353931427,1.4920704364776611,-0.6268574595451355,-0.1570233702659607,-0.06449998170137405,-0.16680021584033966,0.0,0.0,0.0
-0.16424302756786346,1.4879456758499146,-0.6268333792686462,-0.1836988925933838,-0.07283715903759003,-0.16675837337970734,0.0,0.0,3.0
-0.17052622139453888,1.4832074642181396,-0.6187090277671814,-0.2110782116651535,-0.08235836029052734,-0.1904352605342865,0.0,0.0,1.0
-0.1768876016139984,1.4778738021850586,-0.6279470324516296,-0.23752091825008392,-0.0904720276594162,-0.16227349638938904,0.0,0.0,3.0
-0.18317623436450958,1.4719246625900269,-0.6188244819641113,-0.26505059003829956,-0.10043457895517349,-0.19925092160701752,0.0,0.0,1.0
-0.18953856825828552,1.465390920639038,-0.6280834674835205,-0.2909610867500305,-0.10852345824241638,-0.1617773473262787,0.0,0.0,3.0
-0.19580698013305664,1.45823073387146,-0.6162852048873901,-0.31902876496315,-0.11901851743459702,-0.20990130305290222,0.0,0.0,1.0
-0.20217028260231018,1.4504976272583008,-0.6282223463058472,-0.34436628222465515,-0.127080038189888,-0.16123035550117493,0.0,0.0,3.0
-0.20845913887023926,1.4421463012695312,-0.6188777685165405,-0.37206026911735535,-0.1370469480752945,-0.19933828711509705,0.0,0.0,1.0
-0.21482697129249573,1.4332106113433838,-0.6288012266159058,-0.39789626002311707,-0.14500217139720917,-0.1591046005487442,0.0,0.0,3.0
-0.22110848128795624,1.4236515760421753,-0.6179631948471069,-0.425866037607193,-0.15517617762088776,-0.2034800946712494,0.0,0.0,2.0
-0.22733302414417267,1.4143855571746826,-0.6121126413345337,-0.4129348695278168,-0.1655147522687912,-0.20677141845226288,0.0,0.0,2.0
-0.23356786370277405,1.4054538011550903,-0.6126363277435303,-0.39822131395339966,-0.17637400329113007,-0.21718525886535645,0.0,0.0,2.0
-0.23976311087608337,1.3969860076904297,-0.6083136796951294,-0.37771275639533997,-0.1876286417245865,-0.2250930368900299,0.0,0.0,2.0
-0.24577994644641876,1.3894212245941162,-0.5904403924942017,-0.33767813444137573,-0.19893628358840942,-0.22615249454975128,0.0,0.0,2.0
-0.25146666169166565,1.3824162483215332,-0.5582349896430969,-0.31276896595954895,-0.20945391058921814,-0.21035254001617432,0.0,0.0,2.0
-0.25694870948791504,1.3756871223449707,-0.538152813911438,-0.3005324602127075,-0.21960701048374176,-0.20306189358234406,0.0,0.0,2.0
-0.2622741758823395,1.369207739830017,-0.5226532220840454,-0.28947913646698,-0.229623943567276,-0.20033860206604004,0.0,0.0,2.0
-0.2674259543418884,1.363633632659912,-0.5050424337387085,-0.24935168027877808,-0.23991471529006958,-0.20581558346748352,0.0,0.0,2.0
-0.27243390679359436,1.3585419654846191,-0.490531861782074,-0.22800292074680328,-0.25035154819488525,-0.2087366133928299,0.0,0.0,2.0
-0.2771625518798828,1.3536841869354248,-0.4632357954978943,-0.2175854742527008,-0.26017388701438904,-0.1964469850063324,0.0,0.0,2.0
-0.28159624338150024,1.349044680595398,-0.43441638350486755,-0.2078123539686203,-0.26932722330093384,-0.18306703865528107,0.0,0.0,2.0
-0.2858991026878357,1.3446623086929321,-0.4212428629398346,-0.19646801054477692,-0.27860021591186523,-0.1854594200849533,0.0,0.0,2.0
-0.2898491322994232,1.3409372568130493,-0.38647133111953735,-0.16721192002296448,-0.2873702943325043,-0.17540130019187927,0.0,0.0,2.0
-0.2936273217201233,1.3375627994537354,-0.36924251914024353,-0.15169019997119904,-0.29620862007141113,-0.1767667829990387,0.0,0.0,2.0
-0.2970203459262848,1.3347828388214111,-0.3313584625720978,-0.1251981556415558,-0.30441808700561523,-0.1641896516084671,0.0,0.0,2.0
-0.3003459870815277,1.3325670957565308,-0.32389214634895325,-0.10031994432210922,-0.3134056627750397,-0.17975178360939026,0.0,0.0,2.0
-0.303535521030426,1.3308837413787842,-0.30984601378440857,-0.07681241631507874,-0.322870135307312,-0.18928948044776917,0.0,0.0,2.0
-0.3066883683204651,1.329556941986084,-0.3054586946964264,-0.06118619814515114,-0.33310869336128235,-0.2047710120677948,0.0,0.0,2.0
-0.3094715178012848,1.3290457725524902,-0.2687132656574249,-0.024972528219223022,-0.34315842390060425,-0.20099446177482605,0.0,0.0,2.0
-0.3118326663970947,1.3291959762573242,-0.22704966366291046,0.0044792345724999905,-0.3526785373687744,-0.19040212035179138,0.0,0.0,2.0
-0.3139287829399109,1.3296016454696655,-0.20080499351024628,0.015835914760828018,-0.3619592785835266,-0.18561537563800812,0.0,0.0,2.0
-0.31589633226394653,1.3302555084228516,-0.18762633204460144,0.026730675250291824,-0.3716095983982086,-0.19300657510757446,0.0,0.0,2.0
-0.3177793025970459,1.331106424331665,-0.17870885133743286,0.03529496490955353,-0.3817873001098633,-0.2035541981458664,0.0,0.0,2.0
-0.319221556186676,1.3323763608932495,-0.13535155355930328,0.05403626337647438,-0.3912440538406372,-0.18913525342941284,0.0,0.0,0.0
-0.3206635117530823,1.3330473899841309,-0.13535581529140472,0.027362624183297157,-0.40070074796676636,-0.18913407623767853,0.0,0.0,0.0
-0.3221051096916199,1.333119511604309,-0.13536018133163452,0.0006890130462124944,-0.41015738248825073,-0.1891328990459442,0.0,0.0,2.0
-0.32333558797836304,1.3333989381790161,-0.11419383436441422,0.009813270531594753,-0.41971057653427124,-0.19106391072273254,0.0,0.0,2.0
-0.3243282735347748,1.3345141410827637,-0.08970807492733002,0.04668912664055824,-0.43006250262260437,-0.20703843235969543,0.0,0.0,0.0
-0.3253205418586731,1.3350306749343872,-0.08971365541219711,0.020014237612485886,-0.44041433930397034,-0.20703692734241486,0.0,0.0,0.0
-0.32631245255470276,1.3349483013153076,-0.08971937000751495,-0.006660607177764177,-0.45076611638069153,-0.2070353776216507,0.0,0.0,2.0
-0.326799213886261,1.3352479934692383,-0.03997233137488365,0.01047255378216505,-0.46033400297164917,-0.19135786592960358,0.0,0.0,1.0
-0.3273417055606842,1.334993600845337,-0.0471252016723156,-0.013679591938853264,-0.46819618344306946,-0.1572435051202774,0.0,0.0,1.0
-0.327946275472641,1.3341935873031616,-0.055104248225688934,-0.03737964853644371,-0.47412630915641785,-0.1186027079820633,0.0,0.0,2.0
-0.3282768130302429,1.3339672088623047,-0.027242586016654968,-0.012063255533576012,-0.4805803894996643,-0.12908205389976501,0.0,0.0,1.0
-0.328683465719223,1.3331960439682007,-0.03690372034907341,-0.03558194264769554,-0.48476919531822205,-0.08377623558044434,0.0,0.0,1.0
-0.32916420698165894,1.3318854570388794,-0.0463576503098011,-0.05885739624500275,-0.4866858422756195,-0.03833305835723877,0.0,0.0,2.0
-0.3292917311191559,1.3307559490203857,-0.011320091784000397,-0.05070996284484863,-0.48828479647636414,-0.03197971358895302,0.0,0.0,1.0
-0.32948780059814453,1.3290740251541138,-0.01999049447476864,-0.07461649924516678,-0.4878614842891693,0.008466309867799282,0.0,0.0,1.0
-0.329751193523407,1.3268358707427979,-0.028466081246733665,-0.09871582686901093,-0.48548460006713867,0.047537509351968765,0.0,0.0,1.0
-0.33007875084877014,1.324049711227417,-0.03664450719952583,-0.122472383081913,-0.4811461865901947,0.0867685005068779,0.0,0.0,2.0
-0.33022984862327576,1.3216614723205566,-0.018382061272859573,-0.10501217097043991,-0.47750794887542725,0.07276485115289688,0.0,0.0,1.0
-0.3304447531700134,1.3187319040298462,-0.026590142399072647,-0.12845146656036377,-0.4718492329120636,0.11317427456378937,0.0,0.0,2.0
-0.33045920729637146,1.3158388137817383,-0.006499188486486673,-0.1268756091594696,-0.4662562906742096,0.11185864359140396,0.0,0.0,1.0
-0.3305310606956482,1.3123853206634521,-0.013783994130790234,-0.1512950360774994,-0.45897868275642395,0.14555205404758453,0.0,0.0,2.0
-0.33013567328453064,1.3094887733459473,0.03259344771504402,-0.1264636218547821,-0.4513441026210785,0.15269175171852112,0.0,0.0,1.0
-0.32980412244796753,1.3060455322265625,0.024396363645792007,-0.15023581683635712,-0.44175514578819275,0.19177910685539246,0.0,0.0,0.0
-0.32947221398353577,1.3020035028457642,0.024391336366534233,-0.1769094467163086,-0.4321662485599518,0.19177785515785217,0.0,0.0,1.0
-0.3292206823825836,1.29741370677948,0.014177854172885418,-0.20066136121749878,-0.42025887966156006,0.23814742267131805,0.0,0.0,3.0
-0.32891029119491577,1.2921802997589111,0.021616876125335693,-0.22982285916805267,-0.41009610891342163,0.20325538516044617,0.0,0.0,2.0
-0.3281966745853424,1.2874668836593628,0.06159071996808052,-0.20668461918830872,-0.39959973096847534,0.2099272757768631,0.0,0.0,1.0
-0.32754215598106384,1.2821974754333496,0.05399738624691963,-0.2310209721326828,-0.38735973834991455,0.24479982256889343,0.0,0.0,3.0
-0.32682880759239197,1.2763010263442993,0.06134544685482979,-0.25937941670417786,-0.3767232596874237,0.2127295434474945,0.0,0.0,3.0
-0.3260399401187897,1.2697583436965942,0.0708717554807663,-0.288703978061676,-0.36823010444641113,0.16986390948295593,0.0,0.0,1.0
-0.32530537247657776,1.2626594305038452,0.0638783648610115,-0.3130718469619751,-0.3581172525882721,0.20225684344768524,0.0,0.0,2.0
-0.3243224024772644,1.2556366920471191,0.08835975080728531,-0.3096727430820465,-0.3476589620113373,0.20916585624217987,0.0,0.0,3.0
-0.32327622175216675,1.247970461845398,0.09638263285160065,-0.33875772356987,-0.3390226364135742,0.17272666096687317,0.0,0.0,1.0
-0.32230448722839355,1.2397326231002808,0.08702479302883148,-0.36377766728401184,-0.32841232419013977,0.21220648288726807,0.0,0.0,2.0
-0.3211054801940918,1.2313673496246338,0.1092040166258812,-0.3693980574607849,-0.3172776401042938,0.2226935178041458,0.0,0.0,3.0
-0.31983309984207153,1.2223693132400513,0.11842294782400131,-0.3980133831501007,-0.3081265091896057,0.1830226331949234,0.0,0.0,3.0
-0.31847435235977173,1.2127324342727661,0.12928101420402527,-0.4269232749938965,-0.30130428075790405,0.13644427061080933,0.0,0.0,1.0
-0.317180871963501,1.2025291919708252,0.12100619077682495,-0.4517841041088104,-0.292697012424469,0.17214511334896088,0.0,0.0,2.0
-0.3156314790248871,1.1930781602859497,0.14664682745933533,-0.4184008538722992,-0.28415924310684204,0.17075538635253906,0.0,0.0,1.0
-0.3141637444496155,1.183059573173523,0.1363576054573059,-0.4432717263698578,-0.27345341444015503,0.21411684155464172,0.0,0.0,3.0
-0.3126107156276703,1.1723991632461548,0.14709773659706116,-0.47228309512138367,-0.265057772397995,0.16791267693042755,0.0,0.0,2.0
-0.3107585906982422,1.1618534326553345,0.17625299096107483,-0.46711239218711853,-0.2559041678905487,0.1830722540616989,0.0,0.0,3.0
-0.3088446259498596,1.15067458152771,0.1840713769197464,-0.49557939171791077,-0.24843759834766388,0.14933162927627563,0.0,0.0,1.0
-0.3070266842842102,1.1389291286468506,0.171969935297966,-0.5203855633735657,-0.23844918608665466,0.1997682899236679,0.0,0.0,2.0
-0.3049508035182953,1.1270807981491089,0.1969621181488037,-0.524916410446167,-0.2276633232831955,0.2157171666622162,0.0,0.0,3.0
-0.3028166890144348,1.1146156787872314,0.20425009727478027,-0.5526201128959656,-0.2183876484632492,0.18551337718963623,0.0,0.0,3.0
-0.30060943961143494,1.1015187501907349,0.21346621215343475,-0.5810316205024719,-0.2110566943883896,0.1466190665960312,0.0,0.0,2.0
-0.2982240617275238,1.0886564254760742,0.2310071736574173,-0.5706043839454651,-0.2034590095281601,0.15195327997207642,0.0,0.0,3.0
-0.29575443267822266,1.0751779079437256,0.24155017733573914,-0.5983080267906189,-0.19800812005996704,0.10901792347431183,0.0,0.0,1.0
-0.2933511734008789,1.061121940612793,0.23318567872047424,-0.6237715482711792,-0.19082538783550262,0.14365454018115997,0.0,0.0,2.0
-0.2908124029636383,1.0473742485046387,0.24664375185966492,-0.610089898109436,-0.18355832993984222,0.14534112811088562,0.0,0.0,2.0
-0.2881852090358734,1.034139633178711,0.25569233298301697,-0.587354838848114,-0.17651548981666565,0.14085683226585388,0.0,0.0,2.0
-0.28525978326797485,1.0216526985168457,0.2848934531211853,-0.5540827512741089,-0.1688438355922699,0.15343286097049713,0.0,0.0,3.0
-0.2822602689266205,1.0085371732711792,0.29421985149383545,-0.5822769403457642,-0.16311043500900269,0.11466793715953827,0.0,0.0,1.0
-0.27933645248413086,0.9948379397392273,0.28471362590789795,-0.6080321073532104,-0.15544269979000092,0.15335483849048615,0.0,0.0,2.0
-0.27623826265335083,0.981305718421936,0.3017105162143707,-0.6006088256835938,-0.14734438061714172,0.1619662642478943,0.0,0.0,3.0
-0.27304935455322266,0.9671611189842224,0.31306999921798706,-0.6280809640884399,-0.14154082536697388,0.11607098579406738,0.0,0.0,2.0
-0.2696405053138733,0.9537660479545593,0.3346400856971741,-0.5947563648223877,-0.13531693816184998,0.12447738647460938,0.0,0.0,1.0
-0.2663165032863617,0.9397838115692139,0.32398760318756104,-0.62068772315979,-0.12694188952445984,0.1675013154745102,0.0,0.0,0.0
-0.2629924416542053,0.9252027869224548,0.3239864408969879,-0.6473601460456848,-0.1185668557882309,0.16750051081180573,0.0,0.0,2.0
-0.2595213055610657,0.9111538529396057,0.33841878175735474,-0.6237276792526245,-0.1099293977022171,0.17274925112724304,0.0,0.0,2.0
-0.2559888958930969,0.8976190686225891,0.3446348309516907,-0.600932776927948,-0.10138679295778275,0.1708524525165558,0.0,0.0,3.0
-0.2523875832557678,0.8834733366966248,0.3532857298851013,-0.6282546520233154,-0.09459277987480164,0.1358802169561386,0.0,0.0,2.0
-0.24884071946144104,0.8698039054870605,0.3484078049659729,-0.6071431040763855,-0.08836223930120468,0.12461085617542267,0.0,0.0,2.0
-0.2451741248369217,0.8569338917732239,0.36019623279571533,-0.5716305375099182,-0.08196102827787399,0.12802404165267944,0.0,0.0,2.0
-0.24162140488624573,0.8441554307937622,0.34951382875442505,-0.5676247477531433,-0.07625860720872879,0.11404848098754883,0.0,0.0,3.0
-0.2379758358001709,0.8307740092277527,0.3611539602279663,-0.5945640802383423,-0.07288825511932373,0.06740685552358627,0.0,0.0,1.0
-0.23441176116466522,0.8167924284934998,0.35093802213668823,-0.6211378574371338,-0.06747501343488693,0.10826505720615387,0.0,0.0,2.0
-0.23089107871055603,0.8029420971870422,0.34694960713386536,-0.6153526306152344,-0.06241371110081673,0.1012260764837265,0.0,0.0,2.0
-0.22733226418495178,0.789459228515625,0.35077154636383057,-0.5990296006202698,-0.05736222490668297,0.10102967917919159,0.0,0.0,2.0
-0.22361907362937927,0.7761543393135071,0.3656283915042877,-0.5911280512809753,-0.05173541605472565,0.1125359907746315,0.0,0.0,2.0
-0.21997275948524475,0.7633435130119324,0.35942384600639343,-0.5691947937011719,-0.0465916208922863,0.10287588834762573,0.0,0.0,2.0
-0.21639256179332733,0.7513228058815002,0.3533221483230591,-0.5341129899024963,-0.041952259838581085,0.09278720617294312,0.0,0.0,2.0
-0.21273474395275116,0.7393947839736938,0.3608112037181854,-0.5300082564353943,-0.0370437316596508,0.09817039966583252,0.0,0.0,2.0
-0.20895227789878845,0.7282314896583557,0.372855007648468,-0.4960162937641144,-0.03171462565660477,0.10658208280801773,0.0,0.0,3.0
-0.20509056746959686,0.7164691090583801,0.3827843964099884,-0.5227007269859314,-0.02837318554520607,0.06682871282100677,0.0,0.0,2.0
-0.2013203650712967,0.7054055333137512,0.3741801977157593,-0.4916658103466034,-0.02556753158569336,0.056113101541996,0.0,0.0,1.0
-0.19761638343334198,0.6937519907951355,0.3658679723739624,-0.5178613066673279,-0.02109326608479023,0.08948566764593124,0.0,0.0,2.0
-0.19405345618724823,0.6820335388183594,0.35244521498680115,-0.5207735896110535,-0.017306046560406685,0.0757443830370903,0.0,0.0,2.0
-0.19061394035816193,0.6708914637565613,0.3407536447048187,-0.49516555666923523,-0.014151163399219513,0.06309770047664642,0.0,0.0,2.0
-0.18717126548290253,0.6606720089912415,0.3411262631416321,-0.4541719853878021,-0.011047415435314178,0.06207495182752609,0.0,0.0,3.0
-0.1836434304714203,0.6498569250106812,0.3517990708351135,-0.4806634783744812,-0.010080138221383095,0.019345689564943314,0.0,0.0,1.0
-0.18018169701099396,0.6384504437446594,0.34351080656051636,-0.506943941116333,-0.007451655808836222,0.0525696761906147,0.0,0.0,2.0
-0.1768902838230133,0.6279168725013733,0.32730767130851746,-0.46814805269241333,-0.0056439973413944244,0.03615324944257736,0.0,0.0,1.0
-0.17369584739208221,0.616772472858429,0.31514599919319153,-0.495297908782959,-0.0014019145164638758,0.0848415344953537,0.0,0.0,2.0
-0.17060156166553497,0.6064254641532898,0.30560818314552307,-0.4598700702190399,0.0023716860450804234,0.07547187805175781,0.0,0.0,3.0
-0.1674298346042633,0.5954785346984863,0.3153231739997864,-0.4865304231643677,0.004199748858809471,0.03656128793954849,0.0,0.0,2.0
-0.16439399123191833,0.5845204591751099,0.3023582398891449,-0.4870304763317108,0.0054072728380560875,0.02415056899189949,0.0,0.0,2.0
-0.16120585799217224,0.5739829540252686,0.31685787439346313,-0.46834084391593933,0.007336011156439781,0.038574881851673126,0.0,0.0,2.0
-0.15800829231739044,0.564361035823822,0.31772637367248535,-0.42765191197395325,0.009343206882476807,0.04014376550912857,0.0,0.0,2.0
-0.15463657677173615,0.5547780990600586,0.3342975974082947,-0.4259265065193176,0.012173380702733994,0.05660371109843254,0.0,0.0,0.0
-0.15126486122608185,0.5445953011512756,0.3342975974082947,-0.4525938630104065,0.015003557316958904,0.056603677570819855,0.0,0.0,2.0
-0.14795760810375214,0.5348900556564331,0.32811254262924194,-0.4313727915287018,0.01758641004562378,0.051656872034072876,0.0,0.0,2.0
-0.14483642578125,0.5254589319229126,0.3103235065937042,-0.4191845953464508,0.019356682896614075,0.03540562093257904,0.0,0.0,2.0
-0.14189043641090393,0.5168011784553528,0.29354408383369446,-0.3848040699958801,0.020399754866957664,0.020861398428678513,0.0,0.0,0.0
-0.13894443213939667,0.5075433254241943,0.29354405403137207,-0.41147083044052124,0.021442832425236702,0.02086140587925911,0.0,0.0,2.0
-0.136186882853508,0.4991164803504944,0.2754870355129242,-0.37453320622444153,0.021710053086280823,0.005344459321349859,0.0,0.0,1.0
-0.13351230323314667,0.49008989334106445,0.26507478952407837,-0.401217520236969,0.024062084034085274,0.04704045131802559,0.0,0.0,2.0
-0.13099145889282227,0.48113930225372314,0.25037112832069397,-0.39783045649528503,0.025754084810614586,0.033840011805295944,0.0,0.0,2.0
-0.1284426748752594,0.4729415476322174,0.25293415784835815,-0.3643797039985657,0.02768331579864025,0.03858453780412674,0.0,0.0,0.0
-0.12589378654956818,0.464143842458725,0.25293415784835815,-0.3910466432571411,0.029612546786665916,0.03858453780412674,0.0,0.0,2.0
-0.12328185886144638,0.4559362828731537,0.25882673263549805,-0.36482733488082886,0.03194158151745796,0.04658084362745285,0.0,0.0,0.0
-0.12067003548145294,0.4471287727355957,0.25882676243782043,-0.3914944529533386,0.034270621836185455,0.04658079892396927,0.0,0.0,2.0
-0.1182098388671875,0.4389999508857727,0.24424013495445251,-0.3613211214542389,0.036034777760505676,0.035282913595438004,0.0,0.0,0.0
-0.11574964225292206,0.4302712678909302,0.2442401647567749,-0.38798806071281433,0.037798922508955,0.0352829284965992,0.0,0.0,2.0
-0.11326122283935547,0.4215724468231201,0.2468472719192505,-0.38666555285453796,0.039766501635313034,0.03935162350535393,0.0,0.0,2.0
-0.11074743419885635,0.41319066286087036,0.2491561472415924,-0.3725842535495758,0.04196401685476303,0.043950311839580536,0.0,0.0,2.0
-0.10817880928516388,0.4047490656375885,0.2543092668056488,-0.3752591907978058,0.04448455572128296,0.05041062831878662,0.0,0.0,2.0
-0.10556945949792862,0.3968276083469391,0.2580374777317047,-0.35215479135513306,0.04734700173139572,0.057248957455158234,0.0,0.0,0.0
-0.10296020656824112,0.388306200504303,0.2580375373363495,-0.3788221776485443,0.050209447741508484,0.05724894255399704,0.0,0.0,2.0
-0.10049362480640411,0.38043853640556335,0.24423107504844666,-0.3497581481933594,0.05260699614882469,0.04795095697045326,0.0,0.0,0.0
-0.09802713245153427,0.3719709813594818,0.24423110485076904,-0.3764253258705139,0.0550045520067215,0.04795096069574356,0.0,0.0,2.0
-0.09568891674280167,0.3635239601135254,0.2318829596042633,-0.37549304962158203,0.056914739310741425,0.03820379450917244,0.0,0.0,2.0
-0.0932069793343544,0.3552817702293396,0.24544569849967957,-0.36642730236053467,0.05962962657213211,0.05429784208536148,0.0,0.0,2.0
-0.09082765877246857,0.34796398878097534,0.23538628220558167,-0.32533952593803406,0.06215173378586769,0.050442151725292206,0.0,0.0,0.0
-0.08844833076000214,0.3400462567806244,0.23538629710674286,-0.352006733417511,0.06467384099960327,0.05044211074709892,0.0,0.0,2.0
-0.08611269295215607,0.33234909176826477,0.2310466468334198,-0.3422044813632965,0.06715760380029678,0.04967527836561203,0.0,0.0,2.0
-0.08380632102489471,0.3246484398841858,0.22813555598258972,-0.342364639043808,0.06963008642196655,0.049449507147073746,0.0,0.0,2.0
-0.08141479641199112,0.3178635835647583,0.23593267798423767,-0.3017018437385559,0.07282087951898575,0.06381570547819138,0.0,0.0,0.0
-0.07902326434850693,0.31047892570495605,0.23593278229236603,-0.3283693194389343,0.07601167261600494,0.063815638422966,0.0,0.0,2.0
-0.0766412764787674,0.30332180857658386,0.23482446372509003,-0.318270206451416,0.07935216277837753,0.06680984795093536,0.0,0.0,2.0
-0.07434263080358505,0.29630714654922485,0.22669526934623718,-0.31193333864212036,0.08249018341302872,0.06276068091392517,0.0,0.0,2.0
-0.07202215492725372,0.2894132137298584,0.22859875857830048,-0.3065893054008484,0.08591227233409882,0.06844151020050049,0.0,0.0,2.0
-0.06959791481494904,0.2832595109939575,0.23813331127166748,-0.2737497091293335,0.09016672521829605,0.08508918434381485,0.0,0.0,3.0
-0.06710586696863174,0.2765205204486847,0.24664905667304993,-0.29967039823532104,0.09269731491804123,0.05061184614896774,0.0,0.0,2.0
-0.06487588584423065,0.2706124484539032,0.22124846279621124,-0.26268818974494934,0.09443040192127228,0.03466213494539261,0.0,0.0,0.0
-0.0626458153128624,0.2641044855117798,0.22124847769737244,-0.2893551290035248,0.09616350382566452,0.03466210514307022,0.0,0.0,2.0
-0.06042947620153427,0.2581087052822113,0.2196190357208252,-0.2666102945804596,0.09816337376832962,0.03999737650156021,0.0,0.0,2.0
-0.058127500116825104,0.25275349617004395,0.22740241885185242,-0.23819692432880402,0.10093186050653458,0.05536968633532524,0.0,0.0,3.0
-0.05574779585003853,0.24680350720882416,0.23716327548027039,-0.2644985318183899,0.1017417386174202,0.016197403892874718,0.0,0.0,2.0
-0.053606607019901276,0.24151434004306793,0.2140008509159088,-0.2350797802209854,0.10184890031814575,0.00214373879134655,0.0,0.0,0.0
-0.051465511322021484,0.2356252819299698,0.2140008509159088,-0.26174643635749817,0.1019560769200325,0.002143765101209283,0.0,0.0,2.0
-0.049433134496212006,0.23042014241218567,0.20322532951831818,-0.23133952915668488,0.10196632891893387,0.00020489399321377277,0.0,0.0,0.0
-0.047400761395692825,0.22461499273777008,0.20322537422180176,-0.25800618529319763,0.10197656601667404,0.00020485869026742876,0.0,0.0,2.0
-0.04537153244018555,0.21966435015201569,0.2024664431810379,-0.22006107866764069,0.10242903232574463,0.00904939603060484,0.0,0.0,0.0
-0.04334230348467827,0.21411366760730743,0.2024664580821991,-0.24672776460647583,0.10288149863481522,0.009049336425960064,0.0,0.0,0.0
-0.04131317138671875,0.20796304941177368,0.20246648788452148,-0.2733944356441498,0.10333394259214401,0.009049247950315475,0.0,0.0,2.0
-0.03920240327715874,0.20216210186481476,0.2099313735961914,-0.25789937376976013,0.10446302592754364,0.022581985220313072,0.0,0.0,2.0
-0.03716440126299858,0.19637496769428253,0.20279765129089355,-0.25727713108062744,0.10545522719621658,0.019844045862555504,0.0,0.0,2.0
-0.03523063659667969,0.19153755903244019,0.19235676527023315,-0.21506787836551666,0.10647175461053848,0.020330334082245827,0.0,0.0,2.0
-0.03343801572918892,0.1875954270362854,0.17839315533638,-0.17526502907276154,0.10732919722795486,0.017148874700069427,0.0,0.0,2.0
-0.03156757354736328,0.18415239453315735,0.18546001613140106,-0.15313753485679626,0.10890788584947586,0.03157367557287216,0.0,0.0,2.0
-0.029630374163389206,0.18118523061275482,0.19145619869232178,-0.13204315304756165,0.1111534908413887,0.04491244629025459,0.0,0.0,3.0
-0.027602385729551315,0.17764414846897125,0.20288777351379395,-0.1573760062456131,0.11106795072555542,-0.001710729906335473,0.0,0.0,2.0
-0.025740813463926315,0.17407859861850739,0.18681997060775757,-0.15841645002365112,0.11041482537984848,-0.013062599115073681,0.0,0.0,2.0
-0.024065207690000534,0.171051487326622,0.16869017481803894,-0.1344543993473053,0.10929398238658905,-0.022417116910219193,0.0,0.0,0.0
-0.022389601916074753,0.16742442548274994,0.16869018971920013,-0.1611211597919464,0.10817311704158783,-0.022417103871703148,0.0,0.0,0.0
-0.02071409299969673,0.16319741308689117,0.16869020462036133,-0.18778793513774872,0.1070522740483284,-0.02241707220673561,0.0,0.0,2.0
-0.019201088696718216,0.15986138582229614,0.15267899632453918,-0.1481693685054779,0.10567497462034225,-0.027545884251594543,0.0,0.0,0.0
-0.01768817938864231,0.15592533349990845,0.15267901122570038,-0.1748361736536026,0.1042976826429367,-0.027545902878046036,0.0,0.0,2.0
-0.016218852251768112,0.15229512751102448,0.1482280045747757,-0.16125264763832092,0.10301075130701065,-0.02573842741549015,0.0,0.0,2.0
-0.014678955078125,0.14960768818855286,0.1544676423072815,-0.1194055825471878,0.10253767669200897,-0.009461763314902782,0.0,0.0,0.0
-0.013139056973159313,0.1463203728199005,0.1544676423072815,-0.14607225358486176,0.1020646020770073,-0.009461759589612484,0.0,0.0,2.0
-0.011567020788788795,0.14302082359790802,0.1573483943939209,-0.14663748443126678,0.10192406177520752,-0.002810679841786623,0.0,0.0,2.0
-0.010082626715302467,0.14045055210590363,0.14856186509132385,-0.11422321200370789,0.10179726034402847,-0.0025360225699841976,0.0,0.0,0.0
-0.00859823264181614,0.1372804045677185,0.14856186509132385,-0.14088988304138184,0.10167044401168823,-0.0025360428262501955,0.0,0.0,2.0
-0.0072190286591649055,0.13476648926734924,0.1381417214870453,-0.11171361058950424,0.10145358741283417,-0.004337354563176632,0.0,0.0,0.0
-0.005839824676513672,0.13165254890918732,0.1381417065858841,-0.1383802741765976,0.1012367382645607,-0.004337304271757603,0.0,0.0,2.0
-0.004529476165771484,0.12947732210159302,0.13109396398067474,-0.09667269140481949,0.10118292272090912,-0.0010762749006971717,0.0,0.0,0.0
-0.003219127655029297,0.12670212984085083,0.13109394907951355,-0.12333936244249344,0.10112912207841873,-0.001076295506209135,0.0,0.0,2.0
-0.0020126341842114925,0.12435980886220932,0.12086363881826401,-0.10408709198236465,0.10091923177242279,-0.004198078997433186,0.0,0.0,0.0
-0.0008061408880166709,0.12141752988100052,0.12086363881826401,-0.1307537704706192,0.10070934146642685,-0.004198093898594379,0.0,0.0,2.0
0.00017852782912086695,0.11874261498451233,0.09943334758281708,-0.11881934851408005,0.09974804520606995,-0.01922592893242836,0.0,0.0,2.0
0.0009103774791583419,0.11691457033157349,0.07488349825143814,-0.08113452047109604,0.0980687364935875,-0.033586181700229645,0.0,0.0,0.0
0.0016422271728515625,0.11448663473129272,0.07488353550434113,-0.1078014224767685,0.09638943523168564,-0.03358614817261696,0.0,0.0,0.0
0.0023741722106933594,0.1114586666226387,0.07488356530666351,-0.13446831703186035,0.09471011906862259,-0.033586133271455765,0.0,0.0,2.0
0.003046226454898715,0.10850430279970169,0.06898106634616852,-0.1311950534582138,0.09295201301574707,-0.03516239672899246,0.0,0.0,2.0
0.0035168647300451994,0.10646804422140121,0.04933498054742813,-0.09036065638065338,0.09070144593715668,-0.045011185109615326,0.0,0.0,0.0
0.003987503238022327,0.10383182764053345,0.049335040152072906,-0.11702775955200195,0.08845090121030807,-0.04501117020845413,0.0,0.0,2.0
0.004434490110725164,0.1014757752418518,0.04684728384017944,-0.10458975285291672,0.08633168786764145,-0.042384520173072815,0.0,0.0,2.0
0.004729938693344593,0.09943829476833344,0.032141126692295074,-0.09040425717830658,0.0837584063410759,-0.05146527290344238,0.0,0.0,2.0
0.004934501834213734,0.09758850187063217,0.023267896845936775,-0.08205842226743698,0.08096963167190552,-0.055775322020053864,0.0,0.0,0.0
0.005139064975082874,0.09513881802558899,0.023267975077033043,-0.10872573405504227,0.07818087190389633,-0.05577527731657028,0.0,0.0,2.0
0.005298709962517023,0.09317559003829956,0.018729034811258316,-0.0871165469288826,0.07544726133346558,-0.054672420024871826,0.0,0.0,2.0
0.005420684814453125,0.0914410948753357,0.014945579692721367,-0.07695206999778748,0.0727328509092331,-0.054288096725940704,0.0,0.0,0.0
0.005542755126953125,0.08910670876502991,0.014945650473237038,-0.10361935198307037,0.07001843303442001,-0.054288096725940704,0.0,0.0,2.0
0.0056969644501805305,0.0876537412405014,0.01769041270017624,-0.06447062641382217,0.06777215749025345,-0.044925808906555176,0.0,0.0,0.0
0.005851173307746649,0.08560088276863098,0.01769045554101467,-0.09113772958517075,0.06552587449550629,-0.044925786554813385,0.0,0.0,2.0
0.0060791014693677425,0.08435061573982239,0.02442890591919422,-0.055498357862234116,0.06390281021595001,-0.03246131166815758,0.0,0.0,0.0
0.006307029630988836,0.08250032365322113,0.024428926408290863,-0.08216524124145508,0.06227974221110344,-0.03246131166815758,0.0,0.0,2.0
0.006557941436767578,0.0807252749800682,0.026491686701774597,-0.07883298397064209,0.060892507433891296,-0.027744710445404053,0.0,0.0,2.0
0.006931019015610218,0.07956598699092865,0.03792250528931618,-0.05150021240115166,0.06029790639877319,-0.011892036534845829,0.0,0.0,0.0
0.007304191589355469,0.07780667394399643,0.037922509014606476,-0.0781669169664383,0.05970329791307449,-0.011892049573361874,0.0,0.0,2.0
0.007624817080795765,0.0768904983997345,0.03263644129037857,-0.04069632664322853,0.05913156270980835,-0.011434811167418957,0.0,0.0,0.0
0.007945346646010876,0.0753743052482605,0.03263644501566887,-0.06736301630735397,0.0585598349571228,-0.011434700340032578,0.0,0.0,2.0
0.008114528842270374,0.07448459416627884,0.017976392060518265,-0.03949999809265137,0.057510871440172195,-0.0209791362285614,0.0,0.0,0.0
0.008283710107207298,0.07299493253231049,0.01797639951109886,-0.06616676598787308,0.05646192282438278,-0.0209791399538517,0.0,0.0,2.0
0.008420085534453392,0.07187362760305405,0.014681962318718433,-0.049798838794231415,0.05543038249015808,-0.020630870014429092,0.0,0.0,2.0
0.008683967404067516,0.07108727097511292,0.02667030692100525,-0.034935466945171356,0.05514688789844513,-0.005669637583196163,0.0,0.0,0.0
0.00894784927368164,0.06970103830099106,0.02667030692100525,-0.06160213425755501,0.05486338585615158,-0.0056696487590670586,0.0,0.0,2.0
0.009172630496323109,0.06892319768667221,0.0227324441075325,-0.03456088528037071,0.05460377037525177,-0.005192472133785486,0.0,0.0,0.0
0.009397315792739391,0.0675453245639801,0.022732442244887352,-0.06122756004333496,0.05434414744377136,-0.005192473530769348,0.0,0.0,2.0
0.00946340523660183,0.06624048948287964,0.007494025863707066,-0.05796103924512863,0.053465113043785095,-0.01758042350411415,0.0,0.0,2.0
0.009564494714140892,0.06499000638723373,0.010727749206125736,-0.05555608496069908,0.052855875343084335,-0.01218489371240139,0.0,0.0,2.0
0.009459400549530983,0.06443525105714798,-0.009143086150288582,-0.024606574326753616,0.0515061616897583,-0.02699429914355278,0.0,0.0,3.0
0.00945291481912136,0.0632905587553978,0.0032362614292651415,-0.0507473424077034,0.047670409083366394,-0.0767151340842247,0.0,0.0,0.0
0.009446430020034313,0.061546050012111664,0.0032363522332161665,-0.07741523534059525,0.04383466765284538,-0.07671505957841873,0.0,0.0,2.0
0.009576892480254173,0.060339126735925674,0.016132798045873642,-0.053550686687231064,0.040785051882267,-0.06099202483892441,0.0,0.0,0.0
0.009707450866699219,0.058532461524009705,0.016132846474647522,-0.08021814376115799,0.03773544728755951,-0.06099200248718262,0.0,0.0,2.0
0.009795093908905983,0.05668080970644951,0.01198401115834713,-0.08221537619829178,0.03455265238881111,-0.06365574151277542,0.0,0.0,2.0
0.009717178530991077,0.055566441267728806,-0.003942015580832958,-0.049444038420915604,0.0307477880269289,-0.0760975256562233,0.0,0.0,0.0
0.009639263153076172,0.05385225638747215,-0.003941957838833332,-0.07611192017793655,0.026942908763885498,-0.07609745115041733,0.0,0.0,2.0
0.009441375732421875,0.05246545001864433,-0.01545041799545288,-0.06156173720955849,0.02266119234263897,-0.08563444763422012,0.0,0.0,2.0
0.009058189578354359,0.05158182233572006,-0.03319574147462845,-0.03920245170593262,0.01760028675198555,-0.10121806710958481,0.0,0.0,0.0
0.008674907498061657,0.05009859427809715,-0.033195678144693375,-0.06587127596139908,0.012539390474557877,-0.10121790319681168,0.0,0.0,2.0
0.00825424212962389,0.04883910343050957,-0.03679512441158295,-0.05594291165471077,0.007337565999478102,-0.10403648763895035,0.0,0.0,1.0
0.007747936062514782,0.04696706309914589,-0.04755034297704697,-0.08318813890218735,0.004291133023798466,-0.060928523540496826,0.0,0.0,2.0
0.007361793424934149,0.04551602527499199,-0.03610697016119957,-0.0644867941737175,0.001814050367102027,-0.049541767686605453,0.0,0.0,2.0
0.0071427347138524055,0.044299088418483734,-0.020176660269498825,-0.05408257618546486,0.00011457654181867838,-0.03398957476019859,0.0,0.0,2.0
0.0070784566923975945,0.04393487796187401,-0.005431453697383404,-0.016190486028790474,-0.00086894043488428,-0.019670549780130386,0.0,0.0,3.0
0.007111930754035711,0.04298201575875282,0.006837767548859119,-0.04235310107469559,-0.004309326875954866,-0.06880784034729004,0.0,0.0,1.0
0.007078075315803289,0.041419755667448044,-0.0016251348424702883,-0.0694386214017868,-0.0060556610114872456,-0.03492627665400505,0.0,0.0,2.0
0.007221031002700329,0.04045480117201805,0.015263411216437817,-0.042893365025520325,-0.007006126921623945,-0.019009694457054138,0.0,0.0,0.0
0.0073639871552586555,0.038889750838279724,0.015263410285115242,-0.06956011801958084,-0.00795660074800253,-0.01900969073176384,0.0,0.0,2.0
0.007500648498535156,0.03727978095412254,0.014678196981549263,-0.07156078517436981,-0.008949588052928448,-0.01985984668135643,0.0,0.0,2.0
0.007755851838737726,0.03631318733096123,0.02600298449397087,-0.04296433553099632,-0.009429090656340122,-0.009589800611138344,0.0,0.0,0.0
0.008011055178940296,0.03474656119942665,0.02600298821926117,-0.06963101774454117,-0.009908595122396946,-0.009589778259396553,0.0,0.0,2.0
0.008116054348647594,0.03334380313754082,0.011707859113812447,-0.06235335022211075,-0.011105525307357311,-0.023938659578561783,0.0,0.0,2.0
0.008386802859604359,0.03196006640791893,0.027534618973731995,-0.06150325387716293,-0.01155710220336914,-0.009031310677528381,0.0,0.0,2.0
0.008687210269272327,0.030946478247642517,0.030395323410630226,-0.0450480692088604,-0.011905946768820286,-0.006976970937103033,0.0,0.0,0.0
0.008987617678940296,0.029332933947443962,0.030395319685339928,-0.07171475142240524,-0.012254795990884304,-0.006976956035941839,0.0,0.0,2.0
0.009196472354233265,0.027924809604883194,0.021694106981158257,-0.06259164959192276,-0.01305725984275341,-0.016049090772867203,0.0,0.0,2.0
0.00944986380636692,0.026780828833580017,0.025973955169320107,-0.0508481003344059,-0.013688449747860432,-0.012623812071979046,0.0,0.0,2.0
0.009740066714584827,0.026348814368247986,0.02954157255589962,-0.019207095727324486,-0.014204349368810654,-0.010317979380488396,0.0,0.0,0.0
0.010030269622802734,0.025316700339317322,0.02954157069325447,-0.04587377980351448,-0.014720255509018898,-0.010317986831068993,0.0,0.0,2.0
0.010279941372573376,0.024483928456902504,0.025715623050928116,-0.037021104246377945,-0.015459482558071613,-0.014784631319344044,0.0,0.0,0.0
0.010529518127441406,0.023051127791404724,0.025715619325637817,-0.06368781626224518,-0.01619870215654373,-0.014784619212150574,0.0,0.0,2.0
0.01080245990306139,0.022546730935573578,0.02800559066236019,-0.02242644503712654,-0.01690656691789627,-0.014157096855342388,0.0,0.0,0.0
0.011075401678681374,0.02144230343401432,0.02800559066236019,-0.049093153327703476,-0.01761442795395851,-0.014157125726342201,0.0,0.0,1.0
0.011277198791503906,0.019732056185603142,0.019090751186013222,-0.07599908858537674,-0.016538886353373528,0.021510876715183258,0.0,0.0,2.0
0.011561202816665173,0.0187003705650568,0.02699197456240654,-0.045839857310056686,-0.01514824852347374,0.02781272865831852,0.0,0.0,2.0
0.011708450503647327,0.01832629181444645,0.014021776616573334,-0.016620943322777748,-0.014447687193751335,0.014010871760547161,0.0,0.0,0.0
0.011855793185532093,0.017352113500237465,0.014021776616573334,-0.04328765347599983,-0.013747153803706169,0.014010868966579437,0.0,0.0,2.0
0.012151718139648438,0.01661597192287445,0.028224211186170578,-0.032708052545785904,-0.012394965626299381,0.027043739333748817,0.0,0.0,0.0
0.012447739019989967,0.015279731713235378,0.028224211186170578,-0.059374865144491196,-0.011042783036828041,0.02704375423491001,0.0,0.0,2.0
0.012869739904999733,0.014442668296396732,0.04027421772480011,-0.037191156297922134,-0.009145242162048817,0.03795066103339195,0.0,0.0,0.0
0.013291644863784313,0.01300564780831337,0.04027421399950981,-0.06385812163352966,-0.007247703615576029,0.03795064985752106,0.0,0.0,2.0
0.013608455657958984,0.011952076107263565,0.030271315947175026,-0.04681793972849846,-0.005858010146766901,0.027793938294053078,0.0,0.0,2.0
0.01399774570018053,0.011221514083445072,0.037203557789325714,-0.032461926341056824,-0.004149363376200199,0.03417288139462471,0.0,0.0,0.0
0.014387130737304688,0.009891066700220108,0.037203557789325714,-0.059128839522600174,-0.002440722892060876,0.03417286276817322,0.0,0.0,2.0
0.01478872261941433,0.008884451352059841,0.038376424461603165,-0.044737257063388824,-0.000682230805978179,0.035169877111911774,0.0,0.0,0.0
0.01519021950662136,0.0072778440080583096,0.038376424461603165,-0.07140417397022247,0.0010762655874714255,0.03516986221075058,0.0,0.0,2.0
0.01576976850628853,0.0059378482401371,0.0553341880440712,-0.05955865606665611,0.003660293761640787,0.05168067663908005,0.0,0.0,2.0
0.016196537762880325,0.005255243740975857,0.04075992479920387,-0.030341297388076782,0.005552823655307293,0.03785058483481407,0.0,0.0,0.0
0.016623307019472122,0.003972790203988552,0.04075992852449417,-0.05700826644897461,0.007445355877280235,0.03785058483481407,0.0,0.0,2.0
0.017064761370420456,0.0032936192583292723,0.04213729128241539,-0.030196988955140114,0.009433970786631107,0.03977205976843834,0.0,0.0,0.0
0.01750621758401394,0.0020144914742559195,0.04213729873299599,-0.05686398968100548,0.011422568000853062,0.03977204114198685,0.0,0.0,2.0
0.018120193853974342,0.0011529303155839443,0.05853647738695145,-0.03831392154097557,0.014244187623262405,0.05643242597579956,0.0,0.0,0.0
0.0186291690915823,5.565643368754536e-05,0.059578318148851395,-0.048712313175201416,0.0056706639006733894,-0.17148496210575104,0.0,1.0,2.0
0.01900663413107395,-0.0005239510792307556,0.047030236572027206,-0.02575351856648922,-0.0034910927060991526,-0.18323543667793274,0.0,1.0,2.0
0.019271183758974075,-0.0004880809865426272,0.026756340637803078,0.0015908218920230865,-0.0037714969366788864,-0.0055876923725008965,1.0,0.0,2.0
0.019625091925263405,4.8503876314498484e-05,0.03526566922664642,0.02384706772863865,-0.003651420818641782,0.002401289064437151,1.0,0.0,2.0
0.020082950592041016,0.0008034920901991427,0.045188058167696,0.033556435257196426,-0.0030596654396504164,0.011834940873086452,1.0,0.0,1.0
0.020475100725889206,0.0009682154632173479,0.036943431943655014,0.007322670426219702,-0.000816356623545289,0.044866275042295456,0.0,0.0,0.0
0.020867347717285156,0.0005329823470674455,0.036943431943655014,-0.019344419240951538,0.0014269462553784251,0.04486624896526337,0.0,0.0,0.0
0.021259497851133347,-0.0005021715187467635,0.036943431943655014,-0.046011511236429214,0.003670260775834322,0.044866226613521576,0.0,0.0,2.0
0.02152261696755886,-0.0005083942669443786,0.02631593868136406,-0.0002781338116619736,0.003667007200419903,-6.682709499727935e-05,1.0,1.0,0.0
0.02172842063009739,-0.0005063915159553289,0.020579706877470016,8.9783534349408e-05,0.0036682982463389635,2.154133835574612e-05,1.0,1.0,0.0
0.02187786065042019,-0.0005063199787400663,0.014941426925361156,3.081618388023344e-06,0.00366847962141037,7.465569069609046e-07,1.0,1.0,0.0
0.021970748901367188,-0.0005063199787400663,0.009285357780754566,-5.605579076473077e-07,0.0036685881204903126,-1.3065206871942792e-07,1.0,1.0,0.0
0.022006988525390625,-0.0005063199787400663,0.003628389909863472,-4.0054576544434894e-08,0.003668683348223567,-5.2231250435852417e-08,1.0,1.0,0.0
0.022000407800078392,-0.0005063199787400663,-0.0006653379532508552,-1.5782919717821642e-06,0.003678762586787343,0.0001943004463100806,1.0,1.0,0.0
0.021984577178955078,-0.0005063915159553289,-0.0016257476527243853,-3.8781918192398734e-06,0.0037032223772257566,0.00047474316670559347,1.0,1.0,0.0
0.021976280957460403,-0.0005063915159553289,-0.0008466732688248158,-2.051559476967668e-06,0.003715996164828539,0.000247251708060503,1.0,1.0,0.0
0.021976089105010033,-0.0005063915159553289,-2.2131021978566423e-05,-5.458274898728632e-08,0.0037163873203098774,6.460867098212475e-06,1.0,1.0,0.0
0.02197866514325142,-0.0005063915159553289,0.0002627153298817575,6.346434702209081e-07,0.003712488804012537,-7.668260514037684e-05,1.0,1.0,0.0
0.02198047563433647,-0.0005063915159553289,0.00017929008754435927,4.3317507447682146e-07,0.0037098382599651814,-5.232445619185455e-05,1.0,1.0,0.0
0.021980762481689453,-0.0005063915159553289,3.1400493753608316e-05,7.587012618159861e-08,0.0037093961145728827,-9.167505595542025e-06,1.0,1.0,0.0
0.02198038063943386,-0.0005063915159553289,-3.812579234363511e-05,-9.052226346284442e-08,0.0037099942564964294,1.112759218813153e-05,1.0,1.0,0.0
0.02197999879717827,-0.0005063915159553289,-3.523669874994084e-05,-8.344044744035273e-08,0.003710546065121889,1.0282459697918966e-05,1.0,1.0,0.0
0.021979903802275658,-0.0005063915159553289,-1.0584747542452533e-05,-2.5118300328585974e-08,0.0037107125390321016,3.087417326241848e-06,1.0,1.0,0.0
0.021979903802275658,-0.0005063915159553289,4.612817065208219e-06,1.0109165948790633e-08,0.003710652468726039,-1.3749913705396466e-06,1.0,1.0,0.0
0.02197999879717827,-0.0005063915159553289,6.493561613751808e-06,1.684813533131546e-08,0.0037105558440089226,-1.8987359453603858e-06,1.0,1.0,0.0
0.02197999879717827,-0.0005063915159553289,2.7507733193488093e-06,7.096424781138921e-09,0.003710523247718811,-8.567070608478389e-07,1.0,1.0,0.0
0.02197999879717827,-0.0005063915159553289,-3.242959678573243e-07,-3.8418951353591524e-10,0.0037105397786945105,5.301885863673306e-08,1.0,1.0,0.0
0.02197999879717827,-0.0005063915159553289,-1.1179890861967579e-06,-2.7563644700023815e-09,0.003710556775331497,3.299681452517689e-07,1.0,1.0,0.0
0.02197999879717827,-0.0005063915159553289,-6.285254698923382e-07,-1.4273467963121789e-09,0.003710573073476553,2.102623710698026e-07,1.0,1.0,0.0
0.02197999879717827,-0.0005063915159553289,-6.107505612362729e-08,-4.995328595214232e-10,0.0037105833180248737,9.06532520161818e-08,1.0,1.0,0.0
0.02197999879717827,-0.0005063915159553289,1.673141127866984e-07,2.9251712163613774e-10,0.0037105772644281387,-7.060872775355165e-08,1.0,1.0,0.0
0.02197999879717827,-0.0005063915159553289,1.3428734746412374e-07,6.612908137748619e-11,0.003710577730089426,-8.672720497315822e-08,1.0,1.0,0.0
0.02197999879717827,-0.0005063915159553289,5.1584446936203676e-08,2.203567744940571e-10,0.0037105714436620474,-9.20627059031176e-08,1.0,1.0,0.0
0.02197999879717827,-0.0005063915159553289,-1.074676703183286e-08,-1.1060100751913993e-10,0.003710569581016898,1.5201315761714795e-08,1.0,1.0,0.0
0.02197999879717827,-0.0005063915159553289,-4.4861689474373634e-08,2.1840508568349293e-10,0.003710579127073288,9.422366531453008e-08,1.0,1.0,0.0
0.02197999879717827,-0.0005063915159553289,-4.6880998638698657e-08,4.1450970433842826e-10,0.003710581222549081,9.383246180050264e-08,1.0,1.0,0.0
0.02197999879717827,-0.0005063915159553289,-3.893521594022786e-08,4.363965022680105e-10,0.0037105833180248737,9.331282058155921e-08,1.0,1.0,0.0
